 編碼顯示,亂碼,顯示名稱,長度,寬度,顏色 
OFA-A23-A2-02,f49e2d641253ecd2,事務機巡檢作業 ,7cm,2cm,透明
OFA-A23-A1-01,30cf77bf1c6c3240,清潔巡檢作業,7cm,2cm,透明
OFA-A23-A2-01,4f32ae0006ecb317,清潔巡檢作業,7cm,2cm,透明
OFA-A23-A3-01,7bbc01c6550b4dbe,清潔巡檢作業,7cm,2cm,透明
OFA-A23-A4-01,e221797af61a3b38,清潔巡檢作業,7cm,2cm,透明
OFA-A3-A1-01,298b737b6a7b07d3,清潔巡檢作業,7cm,2cm,透明
OFA-AB3-A1-01,9caf419146c7ad4a,清潔巡檢作業,7cm,2cm,透明
OFA-C2-C1-01,806ae1714c501217,清潔巡檢作業,7cm,2cm,透明
OFA-C3-C1-01,9229c950c3c9954d,清潔巡檢作業,7cm,2cm,透明
OFA-C7-C1-01,ca5337e24b5a8832,清潔巡檢作業,7cm,2cm,透明
OFA-C7-C3-01,7d738ec8bcbd7cce,清潔巡檢作業,7cm,2cm,透明
OFA-C7-C4-01,41c8bb8e34aa53ea,清潔巡檢作業,7cm,2cm,透明
OFA-C8-C1-01,6c5bfe92b969e42e,清潔巡檢作業,7cm,2cm,透明
OFA-C8-C2-01,2967ee99a84ef34d,清潔巡檢作業,7cm,2cm,透明
OFA-C8-C3-01,e777d37b6ade6f02,清潔巡檢作業,7cm,2cm,透明
OFA-C8-C4-01,7e782f0fba906df3,清潔巡檢作業,7cm,2cm,透明
OFA-C23-C1-01,616ccca058a3f3d2,清潔巡檢作業,7cm,2cm,透明
OFA-C23-C2-01,fb562a76be67dc14,清潔巡檢作業,7cm,2cm,透明
OFA-C24-C1-01,2d9ce15a9f8a0893,清潔巡檢作業,7cm,2cm,透明
OFA-C24-C2-01,0b793a2d330193d3,清潔巡檢作業,7cm,2cm,透明
OFA-C26-C1-01,6048c86759557e01,清潔巡檢作業,7cm,2cm,透明
OFA-C26-C2-01,d116bdf4b3b9df5f,清潔巡檢作業,7cm,2cm,透明
OFA-C26-C3-01,984de6786769d99b,清潔巡檢作業,7cm,2cm,透明
OFA-C26-C4-01,6c6da1417ae36d35,清潔巡檢作業,7cm,2cm,透明
MEE-A23-A1-01,d18701107a5b5613,會議室巡檢作業,7cm,2cm,透明
MEE-A23-A1-02,383c31b9c3aad16b,會議室巡檢作業,7cm,2cm,透明
MEE-A23-A2-01,dba329176122f4c3,會議室巡檢作業,7cm,2cm,透明
MEE-A23-A2-02,fb12817c3c3d154e,會議室巡檢作業,7cm,2cm,透明
MEE-A23-A2-03,604444ee05e38d46,會議室巡檢作業,7cm,2cm,透明
MEE-A23-A2-04,43b2530334486456,會議室巡檢作業,7cm,2cm,透明
MEE-A23-A3-01,bf8bad006e633b97,會議室巡檢作業,7cm,2cm,透明
MEE-A23-A3-02,b051cd8b14f61414,會議室巡檢作業,7cm,2cm,透明
MEE-A23-A3-03,0f1c270b4ff0b633,會議室巡檢作業,7cm,2cm,透明
MEE-A23-A3-04,617c71b15e0f91ad,會議室巡檢作業,7cm,2cm,透明
MEE-A23-A3-05,59738094838837c6,會議室巡檢作業,7cm,2cm,透明
MEE-A23-A3-06,174346bab674f449,會議室巡檢作業,7cm,2cm,透明
MEE-A23-A4-01,07584e7b1496dadd,會議室巡檢作業,7cm,2cm,透明
MEE-A23-A4-02,1ee0925eacfb603b,會議室巡檢作業,7cm,2cm,透明
MEE-A23-A4-03,68d2c447e5d5d04d,會議室巡檢作業,7cm,2cm,透明
MEE-A23-A4-04,8f04a29bf48ad035,會議室巡檢作業,7cm,2cm,透明
MEE-A23-A4-05,0699ff7d8a29e43e,會議室巡檢作業,7cm,2cm,透明
MEE-A23-A4-06,85ac6d81b08b4555,會議室巡檢作業,7cm,2cm,透明
MEE-A23-A4-07,c6733feb0f25b920,會議室巡檢作業,7cm,2cm,透明
MEE-A23-A4-08,bb1bb5074268c6d3,會議室巡檢作業,7cm,2cm,透明
MEE-A23-A4-09,af8365d23cd0ea68,會議室巡檢作業,7cm,2cm,透明
MEE-A23-A4-10,453caf35e15cceb0,會議室巡檢作業,7cm,2cm,透明
MEE-A23-A4-11,e792e8396b63565e,會議室巡檢作業,7cm,2cm,透明
MEE-A23-A4-12,0f4e290c478dea96,會議室巡檢作業,7cm,2cm,透明
MEE-C24-C1-01,6c9fe60084105c6a,會議室巡檢作業,7cm,2cm,透明
MEE-C24-C1-02,67092e9b55c6fc8b,會議室巡檢作業,7cm,2cm,透明
MEE-C24-C1-03,f8d9a39f2debb953,會議室巡檢作業,7cm,2cm,透明
MEE-C24-C1-04,54d95e136849e551,會議室巡檢作業,7cm,2cm,透明
MEE-C24-C1-05,580bd822cf92e9c0,會議室巡檢作業,7cm,2cm,透明
MEE-C24-C2-01,98f00d87628d4321,會議室巡檢作業,7cm,2cm,透明
MEE-C24-C2-02,16621f5eeb2e6db7,會議室巡檢作業,7cm,2cm,透明
MEE-C24-C2-03,fd5a1248265f76fb,會議室巡檢作業,7cm,2cm,透明
MEE-C24-C2-04,d78bc4a07de55678,會議室巡檢作業,7cm,2cm,透明
MEE-C24-C2-05,89f77e3ad545c20c,會議室巡檢作業,7cm,2cm,透明
MEE-C24-C2-06,f345a135ab0ac90d,會議室巡檢作業,7cm,2cm,透明
MEE-C24-C2-07,913261ce3962579f,會議室巡檢作業,7cm,2cm,透明
MEE-C24-C2-08,df90af3bccbe78d8,會議室巡檢作業,7cm,2cm,透明
MEE-C24-C2-09,89c178f4736aac81,會議室巡檢作業,7cm,2cm,透明
MEE-C24-C2-10,76b1cd11c490a783,會議室巡檢作業,7cm,2cm,透明
MEE-C26-C1-01,aaf705b5c23d3cd4,會議室巡檢作業,7cm,2cm,透明
MEE-C26-C1-02,99d8a875edca5621,會議室巡檢作業,7cm,2cm,透明
MEE-C26-C1-03,095b18ab7dded4b9,會議室巡檢作業,7cm,2cm,透明
MEE-C26-C1-04,51889e004dc6f3b0,會議室巡檢作業,7cm,2cm,透明
MEE-C26-C1-05,7a05d74ba919f15a,會議室巡檢作業,7cm,2cm,透明
MEE-C26-C1-06,0fb1caa3c9a8c377,會議室巡檢作業,7cm,2cm,透明
MEE-C26-C1-07,28cfbbaaa8e6b1c5,會議室巡檢作業,7cm,2cm,透明
MEE-C26-C2-01,5d35b61563dd85a3,會議室巡檢作業,7cm,2cm,透明
MEE-C26-C2-02,20f87f36e585e2dc,會議室巡檢作業,7cm,2cm,透明
MEE-C26-C2-03,085e8f853d25052b,會議室巡檢作業,7cm,2cm,透明
MEE-C26-C3-01,a4124a564cecedd2,會議室巡檢作業,7cm,2cm,透明
MEE-C26-C3-02,f114d10c96645f84,會議室巡檢作業,7cm,2cm,透明
MEE-C26-C3-03,ca7c8803206087f1,會議室巡檢作業,7cm,2cm,透明
MEE-C26-C3-04,913bcf718a7bea1b,會議室巡檢作業,7cm,2cm,透明
MEE-C26-C3-05,0fbc7a20164db5e0,會議室巡檢作業,7cm,2cm,透明
MEE-C26-C3-06,95ffda20a60d1a29,會議室巡檢作業,7cm,2cm,透明
MEE-C26-C3-07,e3c501805f92001f,會議室巡檢作業,7cm,2cm,透明
MEE-C26-C3-08,84bcd048d5fa8442,會議室巡檢作業,7cm,2cm,透明
MEE-C26-C4-01,17b4d2cc4792e9d6,會議室巡檢作業,7cm,2cm,透明
MEE-C26-C4-02,11b22e5d7d6a0275,會議室巡檢作業,7cm,2cm,透明
MEE-C26-C4-03,f4e5aa74a54667f1,會議室巡檢作業,7cm,2cm,透明
MEE-C26-C4-04,b32b69fa79a8fc0d,會議室巡檢作業,7cm,2cm,透明
MEE-C26-C4-05,0057e00fce7d0584,會議室巡檢作業,7cm,2cm,透明
MEE-C26-C4-06,b49c0beabda20dfe,會議室巡檢作業,7cm,2cm,透明
MEE-C2-C1-01,376733896f20fa35,會議室巡檢作業,7cm,2cm,透明
MEE-C2-C1-02,745fd4b5445eb9bd,會議室巡檢作業,7cm,2cm,透明
MEE-C2-C1-03,d4ebe54094a11bc9,會議室巡檢作業,7cm,2cm,透明
MEE-C2-C1-04,fd25f79ac001b264,會議室巡檢作業,7cm,2cm,透明
MEE-C2-C1-05,86c9c3d8591483b5,會議室巡檢作業,7cm,2cm,透明
MEE-C2-C1-06,2173039f95fe4eea,會議室巡檢作業,7cm,2cm,透明
MEE-C2-C2-01,a296a72e369697f3,會議室巡檢作業,7cm,2cm,透明
MEE-C2-C2-02,0632aa57b17ef388,會議室巡檢作業,7cm,2cm,透明
MEE-C7-C1-01,62f6a1a9bc745d13,會議室巡檢作業,7cm,2cm,透明
MEE-C7-C1-02,3549cedd4c7571a1,會議室巡檢作業,7cm,2cm,透明
MEE-C7-C3-01,822f9c5a1863a9a0,會議室巡檢作業,7cm,2cm,透明
MEE-C7-C3-02,3aab064337b7ed80,會議室巡檢作業,7cm,2cm,透明
MEE-C7-C3-03,57f8fa2cf096754f,會議室巡檢作業,7cm,2cm,透明
MEE-C7-C3-04,39254312ecc808ca,會議室巡檢作業,7cm,2cm,透明
MEE-C8-C2-01,f7919d2d632d5964,會議室巡檢作業,7cm,2cm,透明
MEE-C8-C2-02,3be6b7bac23a5dbe,會議室巡檢作業,7cm,2cm,透明
MEE-C8-C2-03,a64f418caa6cb1df,會議室巡檢作業,7cm,2cm,透明
MEE-C8-C2-04,c31d137f641115f0,會議室巡檢作業,7cm,2cm,透明
MEE-C8-C2-05,24d9c359b568755e,會議室巡檢作業,7cm,2cm,透明
MEE-C8-C3-01,963b66c8f5aece7b,會議室巡檢作業,7cm,2cm,透明
MEE-C8-C3-02,85435169d7f9bec6,會議室巡檢作業,7cm,2cm,透明
MEE-C8-C4-01,d6ea494e84fbd60c,會議室巡檢作業,7cm,2cm,透明
MEE-C8-C4-02,5905ebc8858d90d0,會議室巡檢作業,7cm,2cm,透明
MEE-C8-C4-03,569de7d8423b6120,會議室巡檢作業,7cm,2cm,透明
MEE-C8-C4-04,1c330cb7d911e74c,會議室巡檢作業,7cm,2cm,透明
MEE-C8-C4-05,7a05f6cf75c95a90,會議室巡檢作業,7cm,2cm,透明
MEE-C8-C1-01,3ff59c5f0ecd438e,會議室巡檢作業,7cm,2cm,透明
EMED-A23-A1-01,bab7075fe30fcec8,逃生門巡檢作業 ,7cm,2cm,白色
EMED-A23-A2-01,b9b468af247bafb9,逃生門巡檢作業 ,7cm,2cm,白色
EMED-A23-A3-01,75eba32f5f894d99,逃生門巡檢作業 ,7cm,2cm,白色
EMED-A23-A4-01,134745e77eeac00c,逃生門巡檢作業 ,7cm,2cm,白色
EMED-A3-A1-01,34884badd7481182,逃生門巡檢作業 ,7cm,2cm,白色
EMED-C2-C1-01,3dcf19d216c143d5,逃生門巡檢作業 ,7cm,2cm,白色
EMED-C2-C1-02,84d74dd6621ab034,逃生門巡檢作業 ,7cm,2cm,白色
EMED-C3-C1-01,e6186739e58c89c6,逃生門巡檢作業 ,7cm,2cm,白色
EMED-C7-C1-01,e01abec7267e1641,逃生門巡檢作業 ,7cm,2cm,白色
EMED-C7-C3-01,c004a7adfd2154a0,逃生門巡檢作業 ,7cm,2cm,白色
EMED-C7-C4-01,b87fac6852e8dd90,逃生門巡檢作業 ,7cm,2cm,白色
EMED-C8-C1-01,a5304eefea0e3a09,逃生門巡檢作業 ,7cm,2cm,白色
EMED-C8-C2-01,9d2f1d7e95c3c047,逃生門巡檢作業 ,7cm,2cm,白色
EMED-C8-C3-01,c6732956e9887e5c,逃生門巡檢作業 ,7cm,2cm,白色
EMED-C8-C4-01,1f19b53f741cbadb,逃生門巡檢作業 ,7cm,2cm,白色
EMED-C23-C1-01,1ec135367fdc1982,逃生門巡檢作業 ,7cm,2cm,白色
EMED-C23-C2-01,47c341490eab9bd1,逃生門巡檢作業 ,7cm,2cm,白色
EMED-C24-C1-01,f415cc2b1bffd5ab,逃生門巡檢作業 ,7cm,2cm,白色
EMED-C24-C2-01,7d3bfc8c723a1ef4,逃生門巡檢作業 ,7cm,2cm,白色
EMED-C26-C1-01,d435be1dec99ac33,逃生門巡檢作業 ,7cm,2cm,白色
EMED-C26-C2-01,10c805d34a9dcf9e,逃生門巡檢作業 ,7cm,2cm,白色
EMED-C26-C3-01,914d61112e4c3cb9,逃生門巡檢作業 ,7cm,2cm,白色
EMED-C26-C4-01,2c382103ea5511e6,逃生門巡檢作業 ,7cm,2cm,白色
EMED-AB3-A1-01,953e6c337f25ad60,逃生門巡檢作業 ,7cm,2cm,白色
AUTD-A23-A1-01,4c87654e2f0de68b,自動門巡檢作業 ,7cm,2cm,白色
AUTD-A23-A2-01,a14e0b81d0d38aeb,自動門巡檢作業 ,7cm,2cm,白色
AUTD-A23-A3-01,07e065163e1412b6,自動門巡檢作業 ,7cm,2cm,白色
AUTD-A23-A4-01,0b626cb28acf466d,自動門巡檢作業 ,7cm,2cm,白色
AUTD-A3-A1-01,97323d629e0b6868,自動門巡檢作業 ,7cm,2cm,白色
AUTD-C2-C1-01,6c8ea34a2fffc9ec,自動門巡檢作業 ,7cm,2cm,白色
AUTD-C2-C1-02,582dcf95fa96d0f3,自動門巡檢作業 ,7cm,2cm,白色
AUTD-C3-C1-01,56069a6cff8cefd0,自動門巡檢作業 ,7cm,2cm,白色
AUTD-C7-C1-01,ec2e5fdf817f4e39,自動門巡檢作業 ,7cm,2cm,白色
AUTD-C7-C3-01,a90dcb200d47848e,自動門巡檢作業 ,7cm,2cm,白色
AUTD-C7-C4-01,ba6af32aeb490d25,自動門巡檢作業 ,7cm,2cm,白色
AUTD-C8-C1-01,6b4781e9fc3f45d3,自動門巡檢作業 ,7cm,2cm,白色
AUTD-C8-C2-01,abe48094d7dbd8dc,自動門巡檢作業 ,7cm,2cm,白色
AUTD-C8-C3-01,8440e0efc8ee3384,自動門巡檢作業 ,7cm,2cm,白色
AUTD-C8-C4-01,1e5e14d5b5dd67bb,自動門巡檢作業 ,7cm,2cm,白色
AUTD-C23-C1-01,961bee5dcb76f17a,自動門巡檢作業 ,7cm,2cm,白色
AUTD-C23-C2-01,9a147a6be4ce859a,自動門巡檢作業 ,7cm,2cm,白色
AUTD-C24-C1-01,24ac7a41e5274453,自動門巡檢作業 ,7cm,2cm,白色
AUTD-C24-C2-01,c43f7bc5ac9334f6,自動門巡檢作業 ,7cm,2cm,白色
AUTD-C26-C1-01,059a57d29a79522a,自動門巡檢作業 ,7cm,2cm,白色
AUTD-C26-C2-01,b03b13bbce42a085,自動門巡檢作業 ,7cm,2cm,白色
AUTD-C26-C3-01,fd38ea8018d3d689,自動門巡檢作業 ,7cm,2cm,白色
AUTD-C26-C4-01,2ada7d80ec32cd58,自動門巡檢作業 ,7cm,2cm,白色
AUTD-AB3-A1-01,895f396a409be590,自動門巡檢作業 ,7cm,2cm,白色
FIRD-A23-A1-01,6ae58265e57564c8,防火鐵捲門巡檢作業,7cm,2cm,白色
FIRD-A23-A2-01,eb8d500f43f50154,防火鐵捲門巡檢作業,7cm,2cm,白色
FIRD-A23-A3-01,55f36199d3a97577,防火鐵捲門巡檢作業,7cm,2cm,白色
FIRD-A23-A4-01,e2c12f14cf232e23,防火鐵捲門巡檢作業,7cm,2cm,白色
FIRD-A3-A1-01,4893dae860e39e92,防火鐵捲門巡檢作業,7cm,2cm,白色
FIRD-C2-C1-01,319a46e6cc3ee662,防火鐵捲門巡檢作業,7cm,2cm,白色
FIRD-C2-C1-02,b5e19f85dded94b7,防火鐵捲門巡檢作業,7cm,2cm,白色
FIRD-C7-C1-01,64ef760e8ab7b02d,防火鐵捲門巡檢作業,7cm,2cm,白色
FIRD-C7-C3-01,b2efcf8eb3d5437d,防火鐵捲門巡檢作業,7cm,2cm,白色
FIRD-C7-C4-01,d05e5e533e07b404,防火鐵捲門巡檢作業,7cm,2cm,白色
FIRD-C8-C1-01,a11369014ed6c5f0,防火鐵捲門巡檢作業,7cm,2cm,白色
FIRD-C8-C2-01,6053066bf768de89,防火鐵捲門巡檢作業,7cm,2cm,白色
FIRD-C8-C3-01,b00ce76d755529dd,防火鐵捲門巡檢作業,7cm,2cm,白色
FIRD-C8-C4-01,c7abd1ecd871217e,防火鐵捲門巡檢作業,7cm,2cm,白色
FIRD-C23-C1-01,f9ff853bea934381,防火鐵捲門巡檢作業,7cm,2cm,白色
FIRD-C23-C2-01,2f9cfd68c2ac0915,防火鐵捲門巡檢作業,7cm,2cm,白色
FIRD-C24-C1-01,3bd75887e0a33516,防火鐵捲門巡檢作業,7cm,2cm,白色
FIRD-C24-C2-01,61fc5dabcff8eb9d,防火鐵捲門巡檢作業,7cm,2cm,白色
FIRD-C26-C1-01,ef36e5505b5d2291,防火鐵捲門巡檢作業,7cm,2cm,白色
FIRD-C26-C2-01,f6a22bbe47ff63b4,防火鐵捲門巡檢作業,7cm,2cm,白色
FIRD-C26-C3-01,b796749cf34b530f,防火鐵捲門巡檢作業,7cm,2cm,白色
FIRD-C26-C4-01,f46d53b795ff6030,防火鐵捲門巡檢作業,7cm,2cm,白色
LABPOW-AB3-A1-26,7402eaa10a55ca5b,實驗室大電盤巡檢作業  ,7cm,2cm,白色
LABPOW-C2-C1-05,6bf701587a37f0fb,實驗室大電盤巡檢作業  ,7cm,2cm,白色
LABPOW-C2-C1-06,2de071887c55714a,實驗室大電盤巡檢作業  ,7cm,2cm,白色
LABPOW-C2-C1-07,07d100e26605b3b5,實驗室大電盤巡檢作業  ,7cm,2cm,白色
LABPOW-C2-C1-16,13726a976aefa534,實驗室大電盤巡檢作業  ,7cm,2cm,白色
LABPOW-C3-C1-11,b85441644ec24c48,實驗室大電盤巡檢作業  ,7cm,2cm,白色
LABPOW-C3-C1-17,45ca71b65184a805,實驗室大電盤巡檢作業  ,7cm,2cm,白色
LABPOW-C7-C3C4-22,239171f427ef529f,實驗室大電盤巡檢作業  ,7cm,2cm,白色
LABPOW-C8-C3-09,7a561af842a77d39,實驗室大電盤巡檢作業  ,7cm,2cm,白色
LABPOW-C8-C3-12,e45406d417c45a25,實驗室大電盤巡檢作業  ,7cm,2cm,白色
LABPOW-AB3-A1-01,1c523d2263a488f2,辦公室大盤和實驗室小盤巡檢作業 ,7cm,2cm,白色
LABPOW-AB3-A1-02,93ef40e1188795cf,辦公室大盤和實驗室小盤巡檢作業 ,7cm,2cm,白色
LABPOW-AB3-A1-03,079ce6e49b063c27,辦公室大盤和實驗室小盤巡檢作業 ,7cm,2cm,白色
LABPOW-AB3-A1-04,adb0d08bee1e38a3,辦公室大盤和實驗室小盤巡檢作業 ,7cm,2cm,白色
LABPOW-AB3-A1-05,51e09b92b260c693,辦公室大盤和實驗室小盤巡檢作業 ,7cm,2cm,白色
LABPOW-AB3-A1-06,7dd2777d169dc795,辦公室大盤和實驗室小盤巡檢作業 ,7cm,2cm,白色
LABPOW-AB3-A1-07,8e44ef35909e16b4,辦公室大盤和實驗室小盤巡檢作業 ,7cm,2cm,白色
LABPOW-AB3-A1-08,551c1667c64299a3,辦公室大盤和實驗室小盤巡檢作業 ,7cm,2cm,白色
LABPOW-AB3-A1-09,67319c6c59a97069,辦公室大盤和實驗室小盤巡檢作業 ,7cm,2cm,白色
LABPOW-AB3-A1-10,3f354540064fd0b9,辦公室大盤和實驗室小盤巡檢作業 ,7cm,2cm,白色
LABPOW-AB3-A1-11,cf9699b42dfd6228,辦公室大盤和實驗室小盤巡檢作業 ,7cm,2cm,白色
LABPOW-AB3-A1-12,6e624208c5934109,辦公室大盤和實驗室小盤巡檢作業 ,7cm,2cm,白色
LABPOW-AB3-A1-13,6da9a31a567b486f,辦公室大盤和實驗室小盤巡檢作業 ,7cm,2cm,白色
LABPOW-AB3-A1-14,4361643f333c0f0c,辦公室大盤和實驗室小盤巡檢作業 ,7cm,2cm,白色
LABPOW-AB3-A1-15,39a248624bc6f10d,辦公室大盤和實驗室小盤巡檢作業 ,7cm,2cm,白色
LABPOW-AB3-A1-16,557402e551e3abf4,辦公室大盤和實驗室小盤巡檢作業 ,7cm,2cm,白色
LABPOW-AB3-A1-17,95db62e061053622,辦公室大盤和實驗室小盤巡檢作業 ,7cm,2cm,白色
LABPOW-AB3-A1-18,e4fa35ea67df804c,辦公室大盤和實驗室小盤巡檢作業 ,7cm,2cm,白色
LABPOW-AB3-A1-19,27a1bcf4d6e43dd0,辦公室大盤和實驗室小盤巡檢作業 ,7cm,2cm,白色
LABPOW-AB3-A1-20,872ab9aed8acea6b,辦公室大盤和實驗室小盤巡檢作業 ,7cm,2cm,白色
LABPOW-AB3-A1-21,7930215ae9615a53,辦公室大盤和實驗室小盤巡檢作業 ,7cm,2cm,白色
LABPOW-AB3-A1-27,cf9d063e84c822fb,辦公室大盤和實驗室小盤巡檢作業 ,7cm,2cm,白色
LABPOW-AB3-A1-28,2f5594533cc063b4,辦公室大盤和實驗室小盤巡檢作業 ,7cm,2cm,白色
OFFPOW-A3-A1-03,b3cfd8fff77105fb,辦公室大盤和實驗室小盤巡檢作業 ,7cm,2cm,白色
OFFPOW-A23-A4-01,eab442500c7960b9,辦公室大盤和實驗室小盤巡檢作業 ,7cm,2cm,白色
OFFPOW-A23-A4-02,d359eeff3811eff6,辦公室大盤和實驗室小盤巡檢作業 ,7cm,2cm,白色
OFFPOW-A23-A4-03,a16ac686c3c575be,辦公室大盤和實驗室小盤巡檢作業 ,7cm,2cm,白色
OFFPOW-A23-A4-04,bf558d76d9a5008c,辦公室大盤和實驗室小盤巡檢作業 ,7cm,2cm,白色
OFFPOW-C2-C1-01,1a9e6a209ccc349b,辦公室大盤和實驗室小盤巡檢作業 ,7cm,2cm,白色
LABPOW-C2-C1-10,f6006cc5f85c5f90,辦公室大盤和實驗室小盤巡檢作業 ,7cm,2cm,白色
LABPOW-C2-C1-11,9a7f5721265e6da2,辦公室大盤和實驗室小盤巡檢作業 ,7cm,2cm,白色
LABPOW-C2-C1-12,20eebbbc69385a33,辦公室大盤和實驗室小盤巡檢作業 ,7cm,2cm,白色
LABPOW-C2-C1-13,1b60f2149352302d,辦公室大盤和實驗室小盤巡檢作業 ,7cm,2cm,白色
LABPOW-C2-C1-14,f5c39ca90c9dac02,辦公室大盤和實驗室小盤巡檢作業 ,7cm,2cm,白色
LABPOW-C2-C1-15,3b151cde3d02b225,辦公室大盤和實驗室小盤巡檢作業 ,7cm,2cm,白色
LABPOW-C2-C1-17,c2a3cda1b2f0c6b0,辦公室大盤和實驗室小盤巡檢作業 ,7cm,2cm,白色
LABPOW-C2-C1-18,0e2c0dd5b997be48,辦公室大盤和實驗室小盤巡檢作業 ,7cm,2cm,白色
LABPOW-C2-C1-19,b5e73e3dcdf363f8,辦公室大盤和實驗室小盤巡檢作業 ,7cm,2cm,白色
LABPOW-C3-C1-01,c76e50406b289e82,辦公室大盤和實驗室小盤巡檢作業 ,7cm,2cm,白色
LABPOW-C3-C1-02,23d6bbde3ba9ee4c,辦公室大盤和實驗室小盤巡檢作業 ,7cm,2cm,白色
LABPOW-C3-C1-03,ea9d5d55d6f7b9c7,辦公室大盤和實驗室小盤巡檢作業 ,7cm,2cm,白色
LABPOW-C3-C1-04,5ea5c264886e90b6,辦公室大盤和實驗室小盤巡檢作業 ,7cm,2cm,白色
LABPOW-C3-C1-05,63ce20847b6f97f3,辦公室大盤和實驗室小盤巡檢作業 ,7cm,2cm,白色
LABPOW-C3-C1-06,f675eef6a6152b98,辦公室大盤和實驗室小盤巡檢作業 ,7cm,2cm,白色
LABPOW-C3-C1-07,a25cedbed82c9f62,辦公室大盤和實驗室小盤巡檢作業 ,7cm,2cm,白色
LABPOW-C3-C1-08,d82e84e8762f7116,辦公室大盤和實驗室小盤巡檢作業 ,7cm,2cm,白色
LABPOW-C3-C1-09,72bd78a4c9bcca69,辦公室大盤和實驗室小盤巡檢作業 ,7cm,2cm,白色
LABPOW-C3-C1-10,c9d69e3ce69a261f,辦公室大盤和實驗室小盤巡檢作業 ,7cm,2cm,白色
LABPOW-C3-C1-12,2b81976efae78e64,辦公室大盤和實驗室小盤巡檢作業 ,7cm,2cm,白色
LABPOW-C3-C1-13,8e55070ca61014e0,辦公室大盤和實驗室小盤巡檢作業 ,7cm,2cm,白色
LABPOW-C3-C1-14,e8d7f1a394479805,辦公室大盤和實驗室小盤巡檢作業 ,7cm,2cm,白色
LABPOW-C3-C1-15,75c5819920fe4afb,辦公室大盤和實驗室小盤巡檢作業 ,7cm,2cm,白色
LABPOW-C3-C1-16,5cadd5de4d54b8f0,辦公室大盤和實驗室小盤巡檢作業 ,7cm,2cm,白色
LABPOW-C3-C1-18,d7be975925a6127a,辦公室大盤和實驗室小盤巡檢作業 ,7cm,2cm,白色
LABPOW-C3-C1-19,e537bccfb833c6a6,辦公室大盤和實驗室小盤巡檢作業 ,7cm,2cm,白色
LABPOW-C3-C1-20,ac475027774ca01e,辦公室大盤和實驗室小盤巡檢作業 ,7cm,2cm,白色
LABPOW-C3-C1-21,7089653a2a138bf8,辦公室大盤和實驗室小盤巡檢作業 ,7cm,2cm,白色
LABPOW-C3-C1-22,8ce65fa63e529e46,辦公室大盤和實驗室小盤巡檢作業 ,7cm,2cm,白色
LABPOW-C3-C1-23,33b8f95e6706db8a,辦公室大盤和實驗室小盤巡檢作業 ,7cm,2cm,白色
LABPOW-C3-C1-24,a90d4c7fbd3a9f49,辦公室大盤和實驗室小盤巡檢作業 ,7cm,2cm,白色
LABPOW-C3-C1-25,0909662d157b5b36,辦公室大盤和實驗室小盤巡檢作業 ,7cm,2cm,白色
LABPOW-C3-C1-26,e6e0a1d5808fadb3,辦公室大盤和實驗室小盤巡檢作業 ,7cm,2cm,白色
LABPOW-C3-C1-27,00a4cd7994ffc24a,辦公室大盤和實驗室小盤巡檢作業 ,7cm,2cm,白色
LABPOW-C7-C3C4-10,1bf46b4bbeead6c0,辦公室大盤和實驗室小盤巡檢作業 ,7cm,2cm,白色
LABPOW-C7-C3C4-11,6c736b76bfb60fcc,辦公室大盤和實驗室小盤巡檢作業 ,7cm,2cm,白色
LABPOW-C7-C3C4-13,48e3fdbfcfe4241b,辦公室大盤和實驗室小盤巡檢作業 ,7cm,2cm,白色
LABPOW-C7-C3C4-14,9ce483d9bf97ffad,辦公室大盤和實驗室小盤巡檢作業 ,7cm,2cm,白色
LABPOW-C7-C3C4-16,34212de96776463e,辦公室大盤和實驗室小盤巡檢作業 ,7cm,2cm,白色
LABPOW-C7-C3C4-17,a2d22bc7c02b4ca6,辦公室大盤和實驗室小盤巡檢作業 ,7cm,2cm,白色
LABPOW-C7-C3C4-18,614ceb83844e3969,辦公室大盤和實驗室小盤巡檢作業 ,7cm,2cm,白色
LABPOW-C7-C3C4-20,3702174054750d3e,辦公室大盤和實驗室小盤巡檢作業 ,7cm,2cm,白色
LABPOW-C7-C3C4-21,b7bec89ce34fa3e4,辦公室大盤和實驗室小盤巡檢作業 ,7cm,2cm,白色
LABPOW-C7-C3C4-23,fbc4323abb66691d,辦公室大盤和實驗室小盤巡檢作業 ,7cm,2cm,白色
OFFPOW-C8-C1-01,178c3992c946dbab,辦公室大盤和實驗室小盤巡檢作業 ,7cm,2cm,白色
OFFPOW-C8-C2-01,d99f0259506073d2,辦公室大盤和實驗室小盤巡檢作業 ,7cm,2cm,白色
LABPOW-C8-C3-03,cb675282edbb1f8c,辦公室大盤和實驗室小盤巡檢作業 ,7cm,2cm,白色
LABPOW-C8-C3-05,c0feb4d974966edd,辦公室大盤和實驗室小盤巡檢作業 ,7cm,2cm,白色
LABPOW-C8-C3-06,d1c501a916adc515,辦公室大盤和實驗室小盤巡檢作業 ,7cm,2cm,白色
LABPOW-C8-C3-07,cb7fabb55a15d4c5,辦公室大盤和實驗室小盤巡檢作業 ,7cm,2cm,白色
LABPOW-C8-C3-08,41dbc01b7f7d3c5b,辦公室大盤和實驗室小盤巡檢作業 ,7cm,2cm,白色
LABPOW-C8-C3-10,4c3a2936a8053b95,辦公室大盤和實驗室小盤巡檢作業 ,7cm,2cm,白色
LABPOW-C8-C3-11,c92fe45010cea538,辦公室大盤和實驗室小盤巡檢作業 ,7cm,2cm,白色
LABPOW-C8-C3-13,f938425a2c249fcc,辦公室大盤和實驗室小盤巡檢作業 ,7cm,2cm,白色
LABPOW-C8-C3-14,36dac259083b1d3b,辦公室大盤和實驗室小盤巡檢作業 ,7cm,2cm,白色
LABPOW-C8-C3-15,1a115f9ebe73a5ac,辦公室大盤和實驗室小盤巡檢作業 ,7cm,2cm,白色
OFFPOW-C8-C4-01,68bd2c468efcd44f,辦公室大盤和實驗室小盤巡檢作業 ,7cm,2cm,白色
OFFPOW-C24-C2-02,044ed3609dcb496a,辦公室大盤和實驗室小盤巡檢作業 ,7cm,2cm,白色
OFFPOW-C24-C1-02,51e0d3eac8eaf27e,辦公室大盤和實驗室小盤巡檢作業 ,7cm,2cm,白色
OFFPOW-C26-C1-02,38ada00591f5ddfd,辦公室大盤和實驗室小盤巡檢作業 ,7cm,2cm,白色
OFFPOW-C26-C2-02,5e2c7a796300eb99,辦公室大盤和實驗室小盤巡檢作業 ,7cm,2cm,白色
OFFPOW-C26-C3-02,99bb27894137416b,辦公室大盤和實驗室小盤巡檢作業 ,7cm,2cm,白色
OFFPOW-C26-C4-02,7475df1176323677,辦公室大盤和實驗室小盤巡檢作業 ,7cm,2cm,白色
LABPOW-AB3-A1-22,64b6555cded77e7d,辦公室機房電盤巡檢作業 ,7cm,2cm,白色
LABPOW-AB3-A1-23,5dc0e2c9fe836099,辦公室機房電盤巡檢作業 ,7cm,2cm,白色
LABPOW-AB3-A1-24,d0d2489dda83786d,辦公室機房電盤巡檢作業 ,7cm,2cm,白色
LABPOW-AB3-A1-25,d579c326a55949ae,辦公室機房電盤巡檢作業 ,7cm,2cm,白色
OFFPOW-A23-A3-02,28c28fda7914036c,辦公室機房電盤巡檢作業 ,7cm,2cm,白色
OFFPOW-A23-A3-03,bb22db3ed87797b8,辦公室機房電盤巡檢作業 ,7cm,2cm,白色
OFFPOW-A23-A3-04,6949fbed7ad014dc,辦公室機房電盤巡檢作業 ,7cm,2cm,白色
OFFPOW-A23-A3-05,6c84d784fc0c78c8,辦公室機房電盤巡檢作業 ,7cm,2cm,白色
OFFPOW-A23-A3-06,3b053a08f1dddb79,辦公室機房電盤巡檢作業 ,7cm,2cm,白色
OFFPOW-A23-A3-07,10ad6a65cfae25b5,辦公室機房電盤巡檢作業 ,7cm,2cm,白色
OFFPOW-A23-A3-08,4f6228e5a85339b5,辦公室機房電盤巡檢作業 ,7cm,2cm,白色
LABPOW-C2-C1-04,d56edea1e43c1af2,辦公室機房電盤巡檢作業 ,7cm,2cm,白色
LABPOW-C2-C1-08,f32f3d015b717868,辦公室機房電盤巡檢作業 ,7cm,2cm,白色
LABPOW-C2-C1-09,069fa8b2518ddf29,辦公室機房電盤巡檢作業 ,7cm,2cm,白色
OFFPOW-C7-C1-03,d811fc76fc37b637,辦公室機房電盤巡檢作業 ,7cm,2cm,白色
OFFPOW-C7-C1-04,c017db0550377c98,辦公室機房電盤巡檢作業 ,7cm,2cm,白色
OFFPOW-C7-C3C4-01,0e34e98feb805f08,辦公室機房電盤巡檢作業 ,7cm,2cm,白色
OFFPOW-C7-C3C4-02,c185a405292f7f9f,辦公室機房電盤巡檢作業 ,7cm,2cm,白色
OFFPOW-C7-C3C4-03,3db28067d83027bd,辦公室機房電盤巡檢作業 ,7cm,2cm,白色
OFFPOW-C7-C3C4-04,47677bf47495837a,辦公室機房電盤巡檢作業 ,7cm,2cm,白色
OFFPOW-C7-C3C4-09,53627c0113441ded,辦公室機房電盤巡檢作業 ,7cm,2cm,白色
OFFPOW-C7-C3C4-12,a5fcc7072f8c4023,辦公室機房電盤巡檢作業 ,7cm,2cm,白色
OFFPOW-C7-C3C4-17,9f04beb3a9c70502,辦公室機房電盤巡檢作業 ,7cm,2cm,白色
LABPOW-C8-C3-01,e2edb14ea570ad7a,辦公室機房電盤巡檢作業 ,7cm,2cm,白色
LABPOW-C8-C3-02,81fa2e47870dac5c,辦公室機房電盤巡檢作業 ,7cm,2cm,白色
OFFPOW-A3-A1-01,4297af737f88b9d6,辦公室小電盤巡檢作業,7cm,2cm,白色
OFFPOW-A3-A1-02,f38a1945a9eb684e,辦公室小電盤巡檢作業,7cm,2cm,白色
OFFPOW-A23-A1-01,12363e882597ba29,辦公室小電盤巡檢作業,7cm,2cm,白色
OFFPOW-A23-A1-02,30651a6fe209e202,辦公室小電盤巡檢作業,7cm,2cm,白色
OFFPOW-A23-A1-03,b39f7f9085843d33,辦公室小電盤巡檢作業,7cm,2cm,白色
OFFPOW-A23-A2-01,abf51e41ae4651e1,辦公室小電盤巡檢作業,7cm,2cm,白色
OFFPOW-A23-A3-01,9131a66741008339,辦公室小電盤巡檢作業,7cm,2cm,白色
OFFPOW-A23-A4-05,2c0c08ac6520eecb,辦公室小電盤巡檢作業,7cm,2cm,白色
OFFPOW-A23-A4-06,0339bb67c1c33639,辦公室小電盤巡檢作業,7cm,2cm,白色
OFFPOW-A23-A4-07,377d0facbd04dbf4,辦公室小電盤巡檢作業,7cm,2cm,白色
OFFPOW-C2-C1-02,195dfabd69a56d10,辦公室小電盤巡檢作業,7cm,2cm,白色
OFFPOW-C2-C1-03,a64e8f8b04942849,辦公室小電盤巡檢作業,7cm,2cm,白色
OFFPOW-C7-C1-01,c8bb38e4483cd0f1,辦公室小電盤巡檢作業,7cm,2cm,白色
OFFPOW-C7-C1-02,7ea81caaeea31986,辦公室小電盤巡檢作業,7cm,2cm,白色
LABPOW-C7-C3C4-05,c19ca53c6d23ec94,辦公室小電盤巡檢作業,7cm,2cm,白色
LABPOW-C7-C3C4-06,2fb8f7afb139db34,辦公室小電盤巡檢作業,7cm,2cm,白色
LABPOW-C7-C3C4-08,f1bc46913208615b,辦公室小電盤巡檢作業,7cm,2cm,白色
LABPOW-C7-C3C4-15,6d38155e3f3ee5f4,辦公室小電盤巡檢作業,7cm,2cm,白色
LABPOW-C7-C3C4-19,59568cb096c6f7cf,辦公室小電盤巡檢作業,7cm,2cm,白色
LABPOW-C7-C3C4-24,1be855ace0b39880,辦公室小電盤巡檢作業,7cm,2cm,白色
OFFPOW-C8-C1-02,a01d14c81576a45f,辦公室小電盤巡檢作業,7cm,2cm,白色
OFFPOW-C8-C1-03,2ba9f2beffa1ed8d,辦公室小電盤巡檢作業,7cm,2cm,白色
OFFPOW-C8-C2-02,47b357197be2001d,辦公室小電盤巡檢作業,7cm,2cm,白色
OFFPOW-C8-C2-03,1541dfb6a718ab96,辦公室小電盤巡檢作業,7cm,2cm,白色
OFFPOW-C8-C3-04,223a97564cf30f8b,辦公室小電盤巡檢作業,7cm,2cm,白色
OFFPOW-C8-C4-02,f177e6c5826f4b8a,辦公室小電盤巡檢作業,7cm,2cm,白色
OFFPOW-C8-C4-03,60d10ad477eb3202,辦公室小電盤巡檢作業,7cm,2cm,白色
OFFPOW-C8-C4-04,3c2b69dd70fd1e78,辦公室小電盤巡檢作業,7cm,2cm,白色
OFFPOW-C8-C4-05,a8bb6c1c2c213e8a,辦公室小電盤巡檢作業,7cm,2cm,白色
OFFPOW-C24-C2-01,92d803859815019d,辦公室小電盤巡檢作業,7cm,2cm,白色
OFFPOW-C24-C2-03,1f2bce24dd059141,辦公室小電盤巡檢作業,7cm,2cm,白色
OFFPOW-C24-C1-01,e1bdde6061fcbb07,辦公室小電盤巡檢作業,7cm,2cm,白色
OFFPOW-C24-C1-03,b2a3778cc929233f,辦公室小電盤巡檢作業,7cm,2cm,白色
OFFPOW-C26-C1-01,8b8014b8db3cff27,辦公室小電盤巡檢作業,7cm,2cm,白色
OFFPOW-C26-C1-03,66d8c31f4e4116b7,辦公室小電盤巡檢作業,7cm,2cm,白色
OFFPOW-C26-C2-01,af8bc1197bbaaa90,辦公室小電盤巡檢作業,7cm,2cm,白色
OFFPOW-C26-C2-03,8326fc76d9fcbaaa,辦公室小電盤巡檢作業,7cm,2cm,白色
OFFPOW-C26-C3-01,8668905527f3bdcc,辦公室小電盤巡檢作業,7cm,2cm,白色
OFFPOW-C26-C3-03,c01f07b2aafc5ac9,辦公室小電盤巡檢作業,7cm,2cm,白色
OFFPOW-C26-C4-01,083ea82ba818e857,辦公室小電盤巡檢作業,7cm,2cm,白色
OFFPOW-C26-C4-03,58597f728f701e05,辦公室小電盤巡檢作業,7cm,2cm,白色
FAN-A23-A1-01,4d6d324d2ee59f31,送風機定期保養巡檢作業,7cm,2cm,白色
FAN-A23-A2-01,9039d602364599d7,送風機定期保養巡檢作業,7cm,2cm,白色
FAN-A23-A3-01,5c2c14677629b703,送風機定期保養巡檢作業,7cm,2cm,白色
FAN-A23-A4-01,b3a41096721a00f8,送風機定期保養巡檢作業,7cm,2cm,白色
FAN-C24-C1-01,8e23171af43399ac,送風機定期保養巡檢作業,7cm,2cm,白色
FAN-C24-C2-01,24fe1f997a261b16,送風機定期保養巡檢作業,7cm,2cm,白色
FAN-A3-A1-01,b51da1c2d25e12ae,送風機定期保養巡檢作業,7cm,2cm,白色
FAN-C2-C1-01,94d2f994b25206f3,送風機定期保養巡檢作業,7cm,2cm,白色
FAN-C3-C1-01,2f95c7ba28f4c2fe,送風機定期保養巡檢作業,7cm,2cm,白色
FAN-C7-C1-01,38ee665af8ca0c48,送風機定期保養巡檢作業,7cm,2cm,白色
FAN-C7-C3-01,4f7c24aea0f9dd53,送風機定期保養巡檢作業,7cm,2cm,白色
FAN-C7-C4-01,0f9709c8ec743b27,送風機定期保養巡檢作業,7cm,2cm,白色
FAN-C8-C1-01,280aed0eba8359f8,送風機定期保養巡檢作業,7cm,2cm,白色
FAN-C8-C2-01,afd87d49bce4448e,送風機定期保養巡檢作業,7cm,2cm,白色
FAN-C8-C3-01,f08fd91eb8cb499a,送風機定期保養巡檢作業,7cm,2cm,白色
FAN-C8-C4-01,27b77f2fde5459d1,送風機定期保養巡檢作業,7cm,2cm,白色
FAN-C23-C1-01,9301611629d383bb,送風機定期保養巡檢作業,7cm,2cm,白色
FAN-C23-C2-01,c599b6cfbe5f8d94,送風機定期保養巡檢作業,7cm,2cm,白色
FAN-C26-C1-01,16b3dc6d0af64e82,送風機定期保養巡檢作業,7cm,2cm,白色
FAN-C26-C2-01,c21b2abd1947dfde,送風機定期保養巡檢作業,7cm,2cm,白色
FAN-C26-C3-01,5e434e791455af59,送風機定期保養巡檢作業,7cm,2cm,白色
FAN-C26-C4-01,a9c0acf54830bc10,送風機定期保養巡檢作業,7cm,2cm,白色
FAN-AB3-A1-01,b00c161493e6400b,送風機定期保養巡檢作業,7cm,2cm,白色
CHI-C2-C1-01,38d4057968096d37,"氣冷箱型冷氣機,冰水主機保養檢查作業",7cm,2cm,白色
CHI-C7-C3-01,41b0b97706c28b37,"氣冷箱型冷氣機,冰水主機保養檢查作業",7cm,2cm,白色
CHI-C7-C4-01,3b021eabce9a289b,"氣冷箱型冷氣機,冰水主機保養檢查作業",7cm,2cm,白色
FIREXT-A23-A1-01-1,eb683c52ea672e08,滅火器巡檢作業,7cm,2cm,白色
FIREXT-A23-A1-01-2,5893231083e5f3db,滅火器巡檢作業,7cm,2cm,白色
FIREXT-A23-A1-02-1,7614f244054f8cd7,滅火器巡檢作業,7cm,2cm,白色
FIREXT-A23-A1-03-1,9671b00af52bc6a9,滅火器巡檢作業,7cm,2cm,白色
FIREXT-A23-A2-01-1,3b71b550684ffcaf,滅火器巡檢作業,7cm,2cm,白色
FIREXT-A23-A2-01-2,06d5e7b3c42d2d2a,滅火器巡檢作業,7cm,2cm,白色
FIREXT-A23-A2-02-1,f7b6b3a496c2e3a1,滅火器巡檢作業,7cm,2cm,白色
FIREXT-A23-A2-03-1,19ce35c048474be6,滅火器巡檢作業,7cm,2cm,白色
FIREXT-A23-A3-01-1,f77fc33a1d8f5506,滅火器巡檢作業,7cm,2cm,白色
FIREXT-A23-A3-01-2,09dc386e3f2b47a2,滅火器巡檢作業,7cm,2cm,白色
FIREXT-A23-A3-02-1,9458bb0192480851,滅火器巡檢作業,7cm,2cm,白色
FIREXT-A23-A3-03-1,420452fee111eec1,滅火器巡檢作業,7cm,2cm,白色
FIREXT-A23-A3-04-1,125993134d66d9f0,滅火器巡檢作業,7cm,2cm,白色
FIREXT-A23-A4-01-1,31fb456782838263,滅火器巡檢作業,7cm,2cm,白色
FIREXT-A23-A4-01-2,d0e770520385f6a7,滅火器巡檢作業,7cm,2cm,白色
FIREXT-A23-A4-02-1,9da0b44f88ae74a2,滅火器巡檢作業,7cm,2cm,白色
FIREXT-A23-A4-03-1,4626b15a3f7430ce,滅火器巡檢作業,7cm,2cm,白色
FIREXT-A3-A1-01-1,17934855c5d0e4ba,滅火器巡檢作業,7cm,2cm,白色
FIREXT-A3-A1-02-1,ea583c44eb2d8489,滅火器巡檢作業,7cm,2cm,白色
FIREXT-A3-A1-03-1,78dc8f8a9528349c,滅火器巡檢作業,7cm,2cm,白色
FIREXT-A3-A1-04-1,e3039dc2c1bc3e32,滅火器巡檢作業,7cm,2cm,白色
FIREXT-A3-A1-05-1,84b8258f3de1c884,滅火器巡檢作業,7cm,2cm,白色
FIREXT-A3-A1-06-1,9c3574f1fa657a89,滅火器巡檢作業,7cm,2cm,白色
FIREXT-C8-C1-01-1,bef04a5f5896fab2,滅火器巡檢作業,7cm,2cm,白色
FIREXT-C8-C1-01-2,6b6094ae64acd8ac,滅火器巡檢作業,7cm,2cm,白色
FIREXT-C8-C1-02-1,b30c992be316b4b1,滅火器巡檢作業,7cm,2cm,白色
FIREXT-C8-C1-03-1,421efa8b522aee2f,滅火器巡檢作業,7cm,2cm,白色
FIREXT-C8-C1-04-1,91cfe5d04f21647a,滅火器巡檢作業,7cm,2cm,白色
FIREXT-C8-C1-05-1,134af45d8727516d,滅火器巡檢作業,7cm,2cm,白色
FIREXT-C8-C2-01-1,b7fcb25c17b4a4e1,滅火器巡檢作業,7cm,2cm,白色
FIREXT-C8-C2-01-2,7daff24c62d46380,滅火器巡檢作業,7cm,2cm,白色
FIREXT-C8-C2-02-1,dc70e9fa8d348f64,滅火器巡檢作業,7cm,2cm,白色
FIREXT-C8-C2-03-1,76a81838b09e802f,滅火器巡檢作業,7cm,2cm,白色
FIREXT-C8-C2-04-1,ac567f26fd1dad04,滅火器巡檢作業,7cm,2cm,白色
FIREXT-C8-C3-01-1,7dcc42dd714eb563,滅火器巡檢作業,7cm,2cm,白色
FIREXT-C8-C3-01-2,971b2ce7b90dff77,滅火器巡檢作業,7cm,2cm,白色
FIREXT-C8-C3-02-1,ab431987620bafbc,滅火器巡檢作業,7cm,2cm,白色
FIREXT-C8-C3-03-1,f7ccfc1036bd22cd,滅火器巡檢作業,7cm,2cm,白色
FIREXT-C8-C3-04-1,5ef5ec882004977b,滅火器巡檢作業,7cm,2cm,白色
FIREXT-C8-C3-05-1,cc8d0828decc26e2,滅火器巡檢作業,7cm,2cm,白色
FIREXT-C8-C3-06-1,614d042a4566433b,滅火器巡檢作業,7cm,2cm,白色
FIREXT-C8-C4-01-1,8564d31bcdb53ac8,滅火器巡檢作業,7cm,2cm,白色
FIREXT-C8-C4-01-2,26068e1772208efc,滅火器巡檢作業,7cm,2cm,白色
FIREXT-C8-C4-02-1,011d999f655883fe,滅火器巡檢作業,7cm,2cm,白色
FIREXT-C8-C4-03-1,8e3c2baf4751483c,滅火器巡檢作業,7cm,2cm,白色
FIREXT-C8-C4-04-1,5d0503f427813d0d,滅火器巡檢作業,7cm,2cm,白色
FIREXT-C8-C4-05-1,28a5c48a1e3098cc,滅火器巡檢作業,7cm,2cm,白色
FIREXT-C8-C4-06-1,233d78bdbb2e0061,滅火器巡檢作業,7cm,2cm,白色
FIREXT-C7-C1-01-1,8e2a0a23f36cdf2a,滅火器巡檢作業,7cm,2cm,白色
FIREXT-C7-C1-01-2,5c7b05af5a03630a,滅火器巡檢作業,7cm,2cm,白色
FIREXT-C7-C1-02-1,07950ec3b30b355e,滅火器巡檢作業,7cm,2cm,白色
FIREXT-C7-C1-03-1,20343ab13354480e,滅火器巡檢作業,7cm,2cm,白色
FIREXT-C7-C1-04-1,d08491db36cae30d,滅火器巡檢作業,7cm,2cm,白色
FIREXT-C7-C3-01-1,29ac4f9396c7e449,滅火器巡檢作業,7cm,2cm,白色
FIREXT-C7-C3-01-2,cde0fd62776584ff,滅火器巡檢作業,7cm,2cm,白色
FIREXT-C7-C3-02-1,1c34384eedaa9407,滅火器巡檢作業,7cm,2cm,白色
FIREXT-C7-C3-03-1,b821694724f901fa,滅火器巡檢作業,7cm,2cm,白色
FIREXT-C7-C3-04-1,a9b23dd81b34c1c9,滅火器巡檢作業,7cm,2cm,白色
FIREXT-C7-C3-05-1,50463d3ba95a0fcf,滅火器巡檢作業,7cm,2cm,白色
FIREXT-C7-C3-06-1,19c43e8d284d7e70,滅火器巡檢作業,7cm,2cm,白色
FIREXT-C7-C4-01-1,b5d6cd2a7ac301f1,滅火器巡檢作業,7cm,2cm,白色
FIREXT-C7-C4-02-1,7ddf9be24ce22fc5,滅火器巡檢作業,7cm,2cm,白色
FIREXT-C7-C4-03-1,5dc4567e85d91bd4,滅火器巡檢作業,7cm,2cm,白色
FIREXT-C7-C4-04-1,f501d14e87316a21,滅火器巡檢作業,7cm,2cm,白色
FIREXT-C3-C2-01-1,08d571dbff215db8,滅火器巡檢作業,7cm,2cm,白色
FIREXT-C3-C2-02-1,4b09be9ce01da11a,滅火器巡檢作業,7cm,2cm,白色
FIREXT-C3-C2-03-1,948aa6a6bfdd391d,滅火器巡檢作業,7cm,2cm,白色
FIREXT-C3-C2-04-1,0554e59972bc2b2d,滅火器巡檢作業,7cm,2cm,白色
FIREXT-C3-C2-05-1,d4a4bc1fe3d9f6fb,滅火器巡檢作業,7cm,2cm,白色
FIREXT-C3-C2-06-1,2b7e4928d5140202,滅火器巡檢作業,7cm,2cm,白色
FIREXT-C3-C2-07-1,c4f4914ad6f5ebdf,滅火器巡檢作業,7cm,2cm,白色
FIREXT-C3-C2-08-1,577bb4c492888176,滅火器巡檢作業,7cm,2cm,白色
FIREXT-C3-C2-09-1,cc3bc4b117255ee3,滅火器巡檢作業,7cm,2cm,白色
FIREXT-C2-C1-01-1,7a8d8e6f8159d33e,滅火器巡檢作業,7cm,2cm,白色
FIREXT-C2-C1-02-1,051f6ee0b84d1588,滅火器巡檢作業,7cm,2cm,白色
FIREXT-C2-C1-03-1,fd7b3da42c4fe4ff,滅火器巡檢作業,7cm,2cm,白色
FIREXT-C2-C1-04-1,7353bf52ae3b7265,滅火器巡檢作業,7cm,2cm,白色
FIREXT-C2-C1-05-1,09eda18e461f0c07,滅火器巡檢作業,7cm,2cm,白色
FIREXT-C2-QT-01-1,8745ce16544149c7,滅火器巡檢作業,7cm,2cm,白色
FIREXT-C2-QT-02-1,17e7744503f4f2ce,滅火器巡檢作業,7cm,2cm,白色
FIREXT-C2-WT-01-1,8f9b26d9777cb2c8,滅火器巡檢作業,7cm,2cm,白色
FIREXT-C2-TR-01-1,21ccca1c7e9b4e22,滅火器巡檢作業,7cm,2cm,白色
FIREXT-C2-TR-02-1,f9d7e3e9eddc7c84,滅火器巡檢作業,7cm,2cm,白色
FIREXT-C2-TR-03-1,bd600b1e2ccc066f,滅火器巡檢作業,7cm,2cm,白色
FIREXT-C24-C1-01-1,3066d461ce7a387b,滅火器巡檢作業,7cm,2cm,白色
FIREXT-C24-C1-02-1,e6725c06df112b4b,滅火器巡檢作業,7cm,2cm,白色
FIREXT-C24-C1-03-1,e71daa28a9b65c46,滅火器巡檢作業,7cm,2cm,白色
FIREXT-C24-C1-04-1,38612dbfa4d17969,滅火器巡檢作業,7cm,2cm,白色
FIREXT-C24-C2-01-1,8902c96ff44f2ed6,滅火器巡檢作業,7cm,2cm,白色
FIREXT-C24-C2-02-1,717d3c17133d22bf,滅火器巡檢作業,7cm,2cm,白色
FIREXT-C24-C2-03-1,ac668def08e97246,滅火器巡檢作業,7cm,2cm,白色
FIREXT-C24-C2-04-1,d8c87a739a15352c,滅火器巡檢作業,7cm,2cm,白色
FIREXT-C24-C2-05-1,91ece04decc9c7c9,滅火器巡檢作業,7cm,2cm,白色
FIREXT-B3-01-01,218f67fccba522c6,滅火器巡檢作業,7cm,2cm,白色
FIREXT-B3-01-02,a041dbed01d1f428,滅火器巡檢作業,7cm,2cm,白色
FIREXT-B3-02-01,f85a5cc4882cd0d8,滅火器巡檢作業,7cm,2cm,白色
FIREXT-B3-03-01,38355e1446533124,滅火器巡檢作業,7cm,2cm,白色
FIREXT-B3-04-01,27cc0bf30e8fd192,滅火器巡檢作業,7cm,2cm,白色
FIREXT-B3-05-01,24c2ff5bdb8202d8,滅火器巡檢作業,7cm,2cm,白色
FIREXT-B3-06-01,bc5c5c035c8b8f14,滅火器巡檢作業,7cm,2cm,白色
FIREXT-B3-07-01,19b6491923b70d2d,滅火器巡檢作業,7cm,2cm,白色
FIREXT-B3-08-01,9cbf6d87df47d502,滅火器巡檢作業,7cm,2cm,白色
FIREXT-B3-09-02,b6375a0350ca7dfe,滅火器巡檢作業,7cm,2cm,白色
FIREXT-B3-10-01,b6788475b6e6d3f3,滅火器巡檢作業,7cm,2cm,白色
FIREXT-C26-C1-01-1,881537673dc766fa,滅火器巡檢作業,7cm,2cm,白色
FIREXT-C26-C1-02-1,7349a2b2e330d961,滅火器巡檢作業,7cm,2cm,白色
FIREXT-C26-C1-03-1,8e90f9cfbedec96d,滅火器巡檢作業,7cm,2cm,白色
FIREXT-C26-C1-04-1,9b2ab70576b7fc14,滅火器巡檢作業,7cm,2cm,白色
FIREXT-C26-C1-05-1,35104a97a1936560,滅火器巡檢作業,7cm,2cm,白色
FIREXT-C26-C2-01-1,f785bd03ce48e06b,滅火器巡檢作業,7cm,2cm,白色
FIREXT-C26-C2-02-1,0dd9d65cf0cc634c,滅火器巡檢作業,7cm,2cm,白色
FIREXT-C26-C2-03-1,544d00c8c0bc50a5,滅火器巡檢作業,7cm,2cm,白色
FIREXT-C26-C2-04-1,c366534d38714974,滅火器巡檢作業,7cm,2cm,白色
FIREXT-C26-C2-05-1,f3161d9d152549ab,滅火器巡檢作業,7cm,2cm,白色
FIREXT-C26-C3-01-1,06a360adf50ef930,滅火器巡檢作業,7cm,2cm,白色
FIREXT-C26-C3-02-1,54409782d0bf91aa,滅火器巡檢作業,7cm,2cm,白色
FIREXT-C26-C3-03-1,89173c7061fa9003,滅火器巡檢作業,7cm,2cm,白色
FIREXT-C26-C3-04-1,dbed54da2433989c,滅火器巡檢作業,7cm,2cm,白色
FIREXT-C26-C3-05-1,c0def0d75f608d34,滅火器巡檢作業,7cm,2cm,白色
FIREXT-C26-C3-06-1,7beacc9a42d06158,滅火器巡檢作業,7cm,2cm,白色
FIREXT-C26-C4-01-1,e55023e0e3b33ccf,滅火器巡檢作業,7cm,2cm,白色
FIREXT-C26-C4-02-1,d94fd95aa38c8702,滅火器巡檢作業,7cm,2cm,白色
FIREXT-C26-C4-03-1,daecbdc76a549727,滅火器巡檢作業,7cm,2cm,白色
FIREXT-C26-C4-04-1,de3f6cdfacb48425,滅火器巡檢作業,7cm,2cm,白色
CHEROO-AB3-A1-01,7a9b1045e5e52a84,化學品室環境安全檢查作業,7cm,2cm,白色
EYE-AB3-A1-01,d67c642550a352c9,緊急沖眼器檢查作業,7cm,2cm,白色
EYE-AB3-A1-02,4f05aba1a8ba9e8b,緊急沖眼器檢查作業,7cm,2cm,白色
CHESPI-AB3-A1-01,94f2027f262f6d50,化學品洩漏處理車檢查作業,7cm,2cm,白色
